<?xml version="1.0" encoding="UTF-8"?>
    <addon id="repository.play" name="[COLOR lightgreen]Play Repo[/COLOR] Repository" version="2.4" provider-name="The King">
        <requires>
            <import addon="xbmc.addon" version="12.0.0"/>
        </requires>
        <extension point="xbmc.addon.repository" name="Play Repo">
            <info compressed="false">https://raw.githubusercontent.com/ThePlayersKlub/Kodi/master/addons.xml</info>
            <checksum>https://raw.githubusercontent.com/ThePlayersKlub/Kodi/master/addons.xml.md5</checksum>
            <datadir zip="true">https://raw.githubusercontent.com/ThePlayersKlub/Kodi/master/zips/</datadir>
            <hashes>false</hashes>
        </extension>
        <extension point="xbmc.addon.metadata">
            <summary>Install My Addons</summary>
            <description>Download and install addons from The King!</description>
            <platform>all</platform>
    </extension>
</addon>